District Name,State,Year Lifted,Year Placed,Order Type,Region
Abbeville 60,SC,1984,Unknown year,Involuntary,Southeast
Aberdeen School Dist,MS,STILL OPEN,1969,Involuntary,Southeast
Acadia Parish,LA,1981,Unknown year,Involuntary,Southeast
Affton 101,MO,1999,Unknown year,Involuntary,Midwest
Alabaster City,AL,STILL OPEN,1963,Involuntary,Southeast
Alachua,FL,1971,Unknown year,Involuntary,Southeast
Alamance-Burlington Schools,NC,2009,Unknown year,Involuntary,Southeast
Alamo,TN,STILL OPEN,1966,Involuntary,Southeast
Aldine Isd,TX,2002,Unknown year,Involuntary,Southwest
Alexander City,AL,2002,Unknown year,Involuntary,Southeast
Alexandria City Pblc Schs,VA,STILL OPEN,Unknown year,Involuntary,Southeast
Allendale 01,SC,STILL OPEN,1968,Involuntary,Southeast
Altheimer Unified School Dist.*,AR,2003,Unknown year,Involuntary,Southeast
Amite Co School Dist,MS,STILL OPEN,1969,Involuntary,Southeast
Andalusia City,AL,2002,Unknown year,Involuntary,Southeast
Anderson 03,SC,2005,Unknown year,Involuntary,Southeast
Anniston City,AL,STILL OPEN,1963,Involuntary,Southeast
Anson County Schools,NC,1973,Unknown year,Involuntary,Southeast
Appling County,GA,STILL OPEN,1969,Involuntary,Southeast
Arlington Co Pblc Schs,VA,STILL OPEN,1957,Involuntary,Southeast
Ascension Parish,LA,2004,Unknown year,Involuntary,Southeast
Asheville City Schools,NC,STILL OPEN,1965,Involuntary,Southeast
Athens City,AL,2006,Unknown year,Involuntary,Southeast
Atkinson County,GA,2008,Unknown year,Involuntary,Southeast
Atlanta Public Schools,GA,1979,Unknown year,Involuntary,Southeast
Attala Co School Dist,MS,STILL OPEN,1970,Involuntary,Southeast
Attalla City,AL,2006,Unknown year,Involuntary,Southeast
Auburn City,AL,2002,Unknown year,Involuntary,Southeast
Augusta Co Pblc Schs,VA,STILL OPEN,1966,Involuntary,Southeast
Austin Isd,TX,1983,Unknown year,Involuntary,Southwest
Autauga County,AL,2005,Unknown year,Involuntary,Southeast
Avon Community School Corp,IN,1998,Unknown year,Involuntary,Midwest
Avoyelles Parish,LA,STILL OPEN,1967,Involuntary,Southeast
Baker,FL,2009,Unknown year,Involuntary,Southeast
Baker County,GA,2007,Unknown year,Involuntary,Southeast
Bakersfield City,CA,2011,Unknown year,Involuntary,West
Baldwin County,GA,2008,Unknown year,Involuntary,Southeast
Baldwin County,AL,1977,Unknown year,Involuntary,Southeast
Baltimore City Public Schools,MD,STILL OPEN,1976,Involuntary,Southeast
Baltimore County Public Schools,MD,STILL OPEN,1973,Involuntary,Southeast
Bamberg 02,SC,2004,Unknown year,Involuntary,Southeast
Barbour County,AL,2013,Unknown year,Involuntary,Southeast
Barnwell 19,SC,STILL OPEN,1970,Involuntary,Southeast
Barnwell 45,SC,STILL OPEN,1969,Involuntary,Southeast
Barrow County,GA,STILL OPEN,1969,Involuntary,Southeast
Bay,FL,STILL OPEN,1966,Involuntary,Southeast
Bayless,MO,1999,Unknown year,Involuntary,Midwest
Beaufort County Schools,NC,1972,Unknown year,Involuntary,Southeast
Beaumont Isd,TX,1984,Unknown year,Involuntary,Southwest
Beech Grove City Schools,IN,1998,Unknown year,Involuntary,Midwest
Bells,TN,2006,Unknown year,Involuntary,Southeast
Ben Hill County,GA,2009,Unknown year,Involuntary,Southeast
Benton Co School Dist,MS,STILL OPEN,1970,Involuntary,Southeast
Benton Harbor Area Schools,MI,2002,Unknown year,Involuntary,Midwest
Berkeley 01,SC,2004,Unknown year,Involuntary,Southeast
Bertie County Schools,NC,2009,Unknown year,Involuntary,Southeast
Bessemer City,AL,2006,Unknown year,Involuntary,Southeast
Bibb County,AL,2007,Unknown year,Involuntary,Southeast
Bibb County,GA,2007,Unknown year,Involuntary,Southeast
Bienville Parish,LA,STILL OPEN,1966,Involuntary,Southeast
Biloxi Public School Dist,MS,2002,Unknown year,Involuntary,Southeast
Birmingham City,AL,1983,Unknown year,Involuntary,Southeast
Bladen County Schools,NC,1997,Unknown year,Involuntary,Southeast
Bleckley County,GA,2006,Unknown year,Involuntary,Southeast
Blount County,AL,2005,Unknown year,Involuntary,Southeast
Bossier Parish,LA,STILL OPEN,1965,Involuntary,Southeast
Boston,MA,1987,Unknown year,Involuntary,Northeast
Bradford,FL,STILL OPEN,1970,Involuntary,Southeast
Bradford,TN,2008,Unknown year,Involuntary,Southeast
Bradley School District,AR,2005,Unknown year,Involuntary,Southeast
Brandywine School District,DE,1996,Unknown year,Involuntary,Southeast
Brentwood,MO,1999,Unknown year,Involuntary,Midwest
Brevard,FL,1978,Unknown year,Involuntary,Southeast
Brewton City,AL,1977,Unknown year,Involuntary,Southeast
Bridgeport Public Schools,NE,2005,Unknown year,Involuntary,Midwest
Bright Star*,AR,2003,Unknown year,Involuntary,Southeast
Brookhaven School Dist,MS,STILL OPEN,1969,Involuntary,Southeast
Brooks County,GA,2005,Unknown year,Involuntary,Southeast
Broward,FL,1996,Unknown year,Involuntary,Southeast
Brownsburg Community Sch Corp,IN,1998,Unknown year,Involuntary,Midwest
Brunswick Co Pblc Schs,VA,STILL OPEN,1969,Involuntary,Southeast
Bryan County,GA,STILL OPEN,1969,Involuntary,Southeast
Bryan Isd,TX,1987,Unknown year,Involuntary,Southwest
Buckingham Co Pblc Schs,VA,STILL OPEN,1961,Involuntary,Southeast
Buffalo City School District,NY,1995,Unknown year,Involuntary,Northeast
Buffalo Isd,TX,STILL OPEN,1970,Involuntary,Southwest
Bulloch County,GA,2001,Unknown year,Involuntary,Southeast
Bullock County,AL,1999,Unknown year,Involuntary,Southeast
Buncombe County Schools,NC,STILL OPEN,1965,Involuntary,Southeast
Butler County,AL,2002,Unknown year,Involuntary,Southeast
Butts County,GA,2005,Unknown year,Involuntary,Southeast
Caddo Parish,LA,STILL OPEN,1966,Involuntary,Southeast
Cahokia Cusd 187,IL,STILL OPEN,1961,Involuntary,Midwest
Calcasieu Parish,LA,STILL OPEN,1968,Involuntary,Southeast
Caldwell Parish,LA,2011,Unknown year,Involuntary,Southeast
Calhoun 01,SC,CLOSED,1966,Involuntary,Southeast
Calhoun Co School Dist,MS,2007,Unknown year,Involuntary,Southeast
Calhoun County,AL,STILL OPEN,1963,Involuntary,Southeast
Calhoun County,GA,STILL OPEN,1969,Involuntary,Southeast
Calvert Isd,TX,STILL OPEN,1970,Involuntary,Southwest
Camden County,GA,STILL OPEN,1969,Involuntary,Southeast
Candler County,GA,2007,Unknown year,Involuntary,Southeast
Canton Public School Dist,MS,STILL OPEN,1965,Involuntary,Southeast
Cape Henlopen School District,DE,STILL OPEN,1957,Involuntary,Southeast
Capital School District,DE,STILL OPEN,Unknown year,Involuntary,Southeast
Carmel Clay Schools,IN,1998,Unknown year,Involuntary,Midwest
Carroll County School Dist,MS,STILL OPEN,1965,Involuntary,Southeast
Carthage Isd,TX,1995,Unknown year,Involuntary,Southwest
Caswell County Schools,NC,STILL OPEN,1958,Involuntary,Southeast
Catahoula Parish,LA,STILL OPEN,1966,Involuntary,Southeast
Center 58,MO,STILL OPEN,1986,Involuntary,Midwest
Chambers County,AL,STILL OPEN,1963,Involuntary,Southeast
Champaign Cusd 4,IL,2009,Unknown year,Involuntary,Midwest
Charleston 01,SC,1994,Unknown year,Involuntary,Southeast
Charlotte-Mecklenburg Schools,NC,2002,Unknown year,Involuntary,Southeast
Charlottesville Cty Pblc Schs,VA,STILL OPEN,1957,Involuntary,Southeast
Charlton County,GA,2009,Unknown year,Involuntary,Southeast
Chatham County,GA,1994,Unknown year,Involuntary,Southeast
Chattahoochee County,GA,2006,Unknown year,Involuntary,Southeast
Cherokee County,AL,2005,Unknown year,Involuntary,Southeast
Chesterfield 01,SC,STILL OPEN,1969,Involuntary,Southeast
Chesterfield Co Pblc Schs,VA,1972,Unknown year,Involuntary,Southeast
Chilton County,AL,2002,Unknown year,Involuntary,Southeast
Choctaw Co School Dist,MS,STILL OPEN,1970,Involuntary,Southeast
Choctaw County,AL,STILL OPEN,1966,Involuntary,Southeast
Christina School District,DE,1996,Unknown year,Involuntary,Southeast
Cincinnati City,OH,1991,Unknown year,Involuntary,Midwest
City Of Bogalusa School District,LA,2009,Unknown year,Involuntary,Southeast
City Of Chicago Sd 299,IL,2009,Unknown year,Involuntary,Midwest
City Of Monroe School District,LA,STILL OPEN,1966,Involuntary,Southeast
Claiborne Parish,LA,STILL OPEN,1966,Involuntary,Southeast
Clarendon 01,SC,STILL OPEN,1962,Involuntary,Southeast
Clarendon 02,SC,2004,Unknown year,Involuntary,Southeast
Clarendon 03,SC,STILL OPEN,1969,Involuntary,Southeast
Clark County School District,NV,STILL OPEN,1972,Involuntary,West
Clarke County,AL,1977,Unknown year,Involuntary,Southeast
Clarksdale Municipal School Dist,MS,STILL OPEN,1969,Involuntary,Southeast
Clay County,AL,STILL OPEN,1963,Involuntary,Southeast
Clay County,GA,2006,Unknown year,Involuntary,Southeast
Clayton,MO,1999,Unknown year,Involuntary,Midwest
Clayton County,GA,1977,Unknown year,Involuntary,Southeast
Cleburne County,AL,STILL OPEN,1963,Involuntary,Southeast
Cleveland Municipal,OH,1998,Unknown year,Involuntary,Midwest
Cleveland School Dist,MS,STILL OPEN,1976,Involuntary,Southeast
Clinch County,GA,STILL OPEN,1969,Involuntary,Southeast
Clinton Public School Dist,MS,STILL OPEN,1967,Involuntary,Southeast
Coahoma County School District,MS,STILL OPEN,1970,Involuntary,Southeast
Coffee County,AL,2004,Unknown year,Involuntary,Southeast
Coffee County,GA,1995,Unknown year,Involuntary,Southeast
Coffeeville School Dist,MS,2007,Unknown year,Involuntary,Southeast
Colbert County,AL,STILL OPEN,1963,Involuntary,Southeast
Colleton 01,SC,2004,Unknown year,Involuntary,Southeast
Colmesneil Isd,TX,STILL OPEN,1970,Involuntary,Southwest
Colonial School District,DE,1996,Unknown year,Involuntary,Southeast
Colquitt County,GA,STILL OPEN,1971,Involuntary,Southeast
Columbia,FL,1987,Unknown year,Involuntary,Southeast
Columbia County,GA,STILL OPEN,1969,Involuntary,Southeast
Columbia School District,MS,STILL OPEN,1969,Involuntary,Southeast
Columbus City School District,OH,1988,Unknown year,Involuntary,Midwest
Columbus Municipal School Dist,MS,2007,Unknown year,Involuntary,Southeast
Concordia Parish,LA,STILL OPEN,1966,Involuntary,Southeast
Conecuh County,AL,1979,Unknown year,Involuntary,Southeast
Cook County,GA,2007,Unknown year,Involuntary,Southeast
Coosa County,AL,2006,Unknown year,Involuntary,Southeast
Copiah Co School Dist,MS,STILL OPEN,1970,Involuntary,Southeast
Corinth School Dist,MS,1976,Unknown year,Involuntary,Southeast
Corpus Christi Isd,TX,1992,Unknown year,Involuntary,Southwest
Cotton Plant*,AR,2003,Unknown year,Involuntary,Southeast
Covington Co Schools,MS,STILL OPEN,1969,Involuntary,Southeast
Covington County,AL,2006,Unknown year,Involuntary,Southeast
Coweta County,GA,STILL OPEN,1969,Involuntary,Southeast
Crawford County,GA,2007,Unknown year,Involuntary,Southeast
Crenshaw County,AL,2006,Unknown year,Involuntary,Southeast
Crisp County,GA,STILL OPEN,1968,Involuntary,Southeast
Crockett County,TN,2007,Unknown year,Involuntary,Southeast
Crosby Isd,TX,2010,Unknown year,Involuntary,Southwest
Cullman City,AL,2004,Unknown year,Involuntary,Southeast
Cullman County,AL,STILL OPEN,1963,Involuntary,Southeast
Cumberland County Schools,NC,1978,Unknown year,Involuntary,Southeast
Dade,FL,2001,Unknown year,Involuntary,Southeast
Daingerfield-Lone Star Isd,TX,STILL OPEN,1970,Involuntary,Southwest
Dale County,AL,2005,Unknown year,Involuntary,Southeast
Daleville City,AL,2002,Unknown year,Involuntary,Southeast
Dallas County,AL,1977,Unknown year,Involuntary,Southeast
Dallas Isd,TX,1994,Unknown year,Involuntary,Southwest
Danville City Pblc Schs,VA,STILL OPEN,Unknown year,Involuntary,Southeast
Darlington 01,SC,1999,Unknown year,Involuntary,Southeast
Davidson County,TN,1998,Unknown year,Involuntary,Southeast
Dayton City,OH,2002,Unknown year,Involuntary,Midwest
Decatur City,AL,STILL OPEN,1963,Involuntary,Southeast
Decatur City,GA,2007,Unknown year,Involuntary,Southeast
Decatur County,GA,2007,Unknown year,Involuntary,Southeast
Decatur County Com Schools,IN,1998,Unknown year,Involuntary,Midwest
Dekalb County,AL,2006,Unknown year,Involuntary,Southeast
Dekalb County,GA,1996,Unknown year,Involuntary,Southeast
Demopolis City,AL,1979,Unknown year,Involuntary,Southeast
Denison Isd,TX,2011,Unknown year,Involuntary,Southwest
Desoto Parish,LA,STILL OPEN,1966,Involuntary,Southeast
Detroit City School District,MI,1977,Unknown year,Involuntary,Midwest
District Of Columbia Public Schools,DC,STILL OPEN,1954,Involuntary,
Dodge County,GA,STILL OPEN,1969,Involuntary,Southeast
Dollarway School District,AR,STILL OPEN,1959,Involuntary,Southeast
Dooly County,GA,STILL OPEN,1969,Involuntary,Southeast
Dorchester 02,SC,STILL OPEN,1968,Involuntary,Southeast
Dorchester 04,SC,STILL OPEN,1969,Involuntary,Southeast
Dothan City,AL,2006,Unknown year,Involuntary,Southeast
Dougherty County,GA,STILL OPEN,1963,Involuntary,Southeast
Dublin City,GA,2013,Unknown year,Involuntary,Southeast
Durant Public School Dist,MS,STILL OPEN,1965,Involuntary,Southeast
Durham Public Schools,NC,1999,Unknown year,Involuntary,Southeast
Duval,FL,2001,Unknown year,Involuntary,Southeast
Dyersburg,TN,STILL OPEN,1966,Involuntary,Southeast
Earle School District,AR,2003,Unknown year,Involuntary,Southeast
Early County,GA,STILL OPEN,1969,Involuntary,Southeast
East Baton Rouge Parish,LA,2003,Unknown year,Involuntary,Southeast
East Carroll Parish,LA,2008,Unknown year,Involuntary,Southeast
East Feliciana Parish,LA,STILL OPEN,1965,Involuntary,Southeast
East Tallahatchie Consol Sch Dist,MS,2003,Unknown year,Involuntary,Southeast
Echols County,GA,2005,Unknown year,Involuntary,Southeast
Ector County Isd,TX,2010,Unknown year,Involuntary,Southwest
Edenton/Chowan Schools,NC,STILL OPEN,1968,Involuntary,Southeast
Edgecombe County Schools,NC,1979,Unknown year,Involuntary,Southeast
El Centro Elementary,CA,STILL OPEN,1955,Involuntary,West
El Dorado School District,AR,STILL OPEN,1965,Involuntary,Southeast
El Paso Isd,TX,STILL OPEN,1971,Involuntary,Southwest
Elba City,AL,2004,Unknown year,Involuntary,Southeast
Elbert County,GA,2009,Unknown year,Involuntary,Southeast
Elmore County,AL,2004,Unknown year,Involuntary,Southeast
Elysian Fields Isd,TX,STILL OPEN,1970,Involuntary,Southwest
Emanuel County,GA,STILL OPEN,1969,Involuntary,Southeast
Emmet*,ID,STILL OPEN,Unknown year,Involuntary,West
England School District,AR,STILL OPEN,1971,Involuntary,Southeast
Englewood City,NJ,STILL OPEN,1964,Involuntary,Northeast
Englewood On The Palisade Charter,NJ,STILL OPEN,Unknown year,Involuntary,Northeast
Enterprise City,AL,2003,Unknown year,Involuntary,Southeast
Enterprise School Dist,MS,2012,Unknown year,Involuntary,Southeast
Erie City Sd,PA,STILL OPEN,Unknown year,Involuntary,Northeast
Escambia,FL,2004,Unknown year,Involuntary,Southeast
Escambia County,AL,1977,Unknown year,Involuntary,Southeast
Etowah County,AL,2007,Unknown year,Involuntary,Southeast
Eufaula City,AL,2003,Unknown year,Involuntary,Southeast
Evangeline Parish,LA,2012,Unknown year,Involuntary,Southeast
Evansville Vanderburgh Sch Corp,IN,2005,Unknown year,Involuntary,Midwest
Fairfax Co Pblc Schs,VA,STILL OPEN,1964,Involuntary,Southeast
Fairfield 01,SC,2006,Unknown year,Involuntary,Southeast
Fairfield City,AL,STILL OPEN,1965,Involuntary,Southeast
Fairfield Isd,TX,STILL OPEN,1970,Involuntary,Southwest
Fayette County,AL,STILL OPEN,1963,Involuntary,Southeast
Fayette County,KY,STILL OPEN,1965,Involuntary,
Fayette County,TN,STILL OPEN,1972,Involuntary,Southeast
Ferguson-Florissant R-Ii,MO,1975,Unknown year,Involuntary,Midwest
Ferndale Public Schools,MI,1995,Unknown year,Involuntary,Midwest
Flagler,FL,STILL OPEN,1970,Involuntary,Southeast
Flint School District Of The City Of,MI,2002,Unknown year,Involuntary,Midwest
Florence 01,SC,STILL OPEN,1970,Involuntary,Southeast
Florence 04,SC,2005,Unknown year,Involuntary,Southeast
Florence City,AL,STILL OPEN,1963,Involuntary,Southeast
Forrest City School District,AR,STILL OPEN,1970,Involuntary,Southeast
Forrest County School District,MS,STILL OPEN,1965,Involuntary,Southeast
Forsyth County Schools,NC,1984,Unknown year,Involuntary,Southeast
Fort Osage R-I,MO,1984,Unknown year,Involuntary,Midwest
Fort Payne City,AL,STILL OPEN,1963,Involuntary,Southeast
Fort Smith School District,AR,2004,Unknown year,Involuntary,Southeast
Fort Wayne Community Schools,IN,STILL OPEN,1990,Involuntary,Midwest
Fort Worth Isd,TX,1990,Unknown year,Involuntary,Southwest
Franklin,TN,STILL OPEN,1971,Involuntary,Southeast
Franklin City Pblc Schs,VA,2008,Unknown year,Involuntary,Southeast
Franklin Co School Dist,MS,STILL OPEN,1969,Involuntary,Southeast
Franklin County,AL,STILL OPEN,1963,Involuntary,Southeast
Franklin County,TN,STILL OPEN,1964,Involuntary,Southeast
Franklin County Schools,NC,STILL OPEN,1966,Involuntary,Southeast
Franklin Parish,LA,2013,Unknown year,Involuntary,Southeast
Franklin Township Com Sch Corp,IN,1998,Unknown year,Involuntary,Midwest
Fulton County,GA,2003,Unknown year,Involuntary,Southeast
Gadsden,FL,STILL OPEN,1970,Involuntary,Southeast
Gadsden City,AL,2005,Unknown year,Involuntary,Southeast
Galena Park Isd,TX,2007,Unknown year,Involuntary,Southwest
Galveston Isd,TX,2009,Unknown year,Involuntary,Southwest
Garland Isd,TX,STILL OPEN,Unknown year,Involuntary,Southwest
Geneva City,AL,1974,Unknown year,Involuntary,Southeast
Geneva County,AL,2002,Unknown year,Involuntary,Southeast
Georgetown 01,SC,STILL OPEN,1969,Involuntary,Southeast
Georgetown Isd,TX,STILL OPEN,1964,Involuntary,Southwest
Gibson Co Sp Dist,TN,2008,Unknown year,Involuntary,Southeast
Glascock County,GA,STILL OPEN,1969,Involuntary,Southeast
Glynn County,GA,STILL OPEN,1963,Involuntary,Southeast
Goldsboro City*,NC,1979,Unknown year,Involuntary,Southeast
Goodrich Isd,TX,STILL OPEN,1970,Involuntary,Southwest
Grady County,GA,2007,Unknown year,Involuntary,Southeast
Grandview C-4,MO,2005,Unknown year,Involuntary,Midwest
Grant Parish,LA,2007,Unknown year,Involuntary,Southeast
Grapeland Isd,TX,STILL OPEN,1976,Involuntary,Southwest
Greene County,AL,2003,Unknown year,Involuntary,Southeast
Greenfield-Central Com Schools,IN,1998,Unknown year,Involuntary,Midwest
Greensville Co Pblc Schs,VA,2002,Unknown year,Involuntary,Southeast
Greenville 01,SC,1985,Unknown year,Involuntary,Southeast
Greenville Public Schools,MS,1994,Unknown year,Involuntary,Southeast
Greenwood Community Sch Corp,IN,1998,Unknown year,Involuntary,Midwest
Greenwood Public School District,MS,STILL OPEN,1969,Involuntary,Southeast
Gregory-Portland Isd,TX,1981,Unknown year,Involuntary,Southwest
Grenada School Dist,MS,1985,Unknown year,Involuntary,Southeast
Guilford County Schools,NC,1972,Unknown year,Involuntary,Southeast
Gulf,FL,2009,Unknown year,Involuntary,Southeast
Guntersville City,AL,2011,Unknown year,Involuntary,Southeast
Hale County,AL,1982,Unknown year,Involuntary,Southeast
Halifax Co Pblc Schs,VA,1970,Unknown year,Involuntary,Southeast
Halifax County Schools,NC,STILL OPEN,1964,Involuntary,Southeast
Hamilton County,TN,1986,Unknown year,Involuntary,Southeast
Hampton 01,SC,2004,Unknown year,Involuntary,Southeast
Hampton 02,SC,2005,Unknown year,Involuntary,Southeast
Hancock County,GA,2007,Unknown year,Involuntary,Southeast
Hancock Place,MO,1999,Unknown year,Involuntary,Midwest
Hanover Co Pblc Schs,VA,STILL OPEN,1966,Involuntary,Southeast
Hardeman County,TN,STILL OPEN,1969,Involuntary,Southeast
Harnett County Schools,NC,STILL OPEN,1965,Involuntary,Southeast
Harnett Early Childhood*,NC,STILL OPEN,1965,Involuntary,Southeast
Harris County,GA,2009,Unknown year,Involuntary,Southeast
Harrison Co School Dist,MS,2003,Unknown year,Involuntary,Southeast
Hart County,GA,2008,Unknown year,Involuntary,Southeast
Hattiesburg Public School Dist,MS,1997,Unknown year,Involuntary,Southeast
Haywood County,TN,STILL OPEN,1967,Involuntary,Southeast
Hazelwood,MO,STILL OPEN,1975,Involuntary,Midwest
Hazen School District,AR,2003,Unknown year,Involuntary,Southeast
Hazlehurst City School District,MS,2005,Unknown year,Involuntary,Southeast
Hearne Isd,TX,2007,Unknown year,Involuntary,Southwest
Helena/ W.Helena School Dist.,AR,2002,Unknown year,Involuntary,Southeast
Henderson Isd,TX,2010,Unknown year,Involuntary,Southwest
Hendry,FL,STILL OPEN,1970,Involuntary,Southeast
Henrico Co Pblc Schs,VA,1972,Unknown year,Involuntary,Southeast
Henry County,AL,2006,Unknown year,Involuntary,Southeast
Hermitage School District,AR,STILL OPEN,1969,Involuntary,Southeast
Hickman Mills C-1,MO,2003,Unknown year,Involuntary,Midwest
Hillsborough,FL,2001,Unknown year,Involuntary,Southeast
Hinds Co School Dist,MS,1984,Unknown year,Involuntary,Southeast
Hollandale School Dist,MS,STILL OPEN,1971,Involuntary,Southeast
Holly Grove*,NO,2003,Unknown year,Involuntary,
Holly Springs School Dist,MS,STILL OPEN,1969,Involuntary,Southeast
Holmes Co School Dist,MS,STILL OPEN,1965,Involuntary,Southeast
Holyoke,MA,2004,Unknown year,Involuntary,Northeast
Homewood City,AL,STILL OPEN,1965,Involuntary,Southeast
Hoover City,AL,STILL OPEN,1966,Involuntary,Southeast
Houston County,AL,2008,Unknown year,Involuntary,Southeast
Houston Isd,TX,1983,Unknown year,Involuntary,Southwest
Humboldt,TN,2008,Unknown year,Involuntary,Southeast
Humphreys Co School Dist,MS,2003,Unknown year,Involuntary,Southeast
Huntsville City,AL,STILL OPEN,1966,Involuntary,Southeast
Iberia Parish,LA,1970,Unknown year,Involuntary,Southeast
Iberville Parish,LA,2002,Unknown year,Involuntary,Southeast
Independence 30,MO,2003,Unknown year,Involuntary,Midwest
Indian River,FL,STILL OPEN,Unknown year,Involuntary,Southeast
Indian River School District,DE,STILL OPEN,1957,Involuntary,Southeast
Indianapolis Public Schools,IN,STILL OPEN,1972,Involuntary,Midwest
Indianola School Dist,MS,2008,Unknown year,Involuntary,Southeast
Iredell-Statesville Schools,NC,1972,Unknown year,Involuntary,Southeast
Irwin County,GA,STILL OPEN,1969,Involuntary,Southeast
Jackson,FL,STILL OPEN,Unknown year,Involuntary,Southeast
Jackson Co School Dist,MS,1981,Unknown year,Involuntary,Southeast
Jackson County,AL,STILL OPEN,1963,Involuntary,Southeast
Jackson County,GA,1985,Unknown year,Involuntary,Southeast
Jackson Parish,LA,STILL OPEN,1966,Involuntary,Southeast
Jackson Public School Dist,MS,1980,Unknown year,Involuntary,Southeast
Jacksonville City,AL,STILL OPEN,1963,Involuntary,Southeast
Jasper City,AL,1977,Unknown year,Involuntary,Southeast
Jasper County,GA,2006,Unknown year,Involuntary,Southeast
Jeff Davis County,GA,STILL OPEN,1969,Involuntary,Southeast
Jefferson,FL,STILL OPEN,Unknown year,Involuntary,Southeast
Jefferson City,GA,1985,Unknown year,Involuntary,Southeast
Jefferson County,AL,STILL OPEN,1965,Involuntary,Southeast
Jefferson County,GA,2008,Unknown year,Involuntary,Southeast
Jefferson County,KY,2000,Unknown year,Involuntary,
Jefferson Davis Parish,LA,2011,Unknown year,Involuntary,Southeast
Jefferson Isd,TX,2001,Unknown year,Involuntary,Southwest
Jefferson Parish,LA,2006,Unknown year,Involuntary,Southeast
Jenkins County,GA,2008,Unknown year,Involuntary,Southeast
Johnson County,GA,2008,Unknown year,Involuntary,Southeast
Johnston County Schools,NC,1995,Unknown year,Involuntary,Southeast
Jones Co School Dist,MS,STILL OPEN,1970,Involuntary,Southeast
Jones County,GA,2007,Unknown year,Involuntary,Southeast
Jones County Schools,NC,1997,Unknown year,Involuntary,Southeast
Junction City School District,AR,STILL OPEN,1966,Involuntary,Southeast
Kalamazoo Public Schools,MI,STILL OPEN,1971,Involuntary,Midwest
Kansas City,KS,1997,Unknown year,Involuntary,Midwest
Kansas City 33,MO,2003,Unknown year,Involuntary,Midwest
Katy Isd,TX,2007,Unknown year,Involuntary,Southwest
Kemper Co School Dist,MS,STILL OPEN,1969,Involuntary,Southeast
Kilgore Isd,TX,2000,Unknown year,Involuntary,Southwest
Kirkwood R-Vii,MO,1999,Unknown year,Involuntary,Midwest
Klein Isd,TX,2008,Unknown year,Involuntary,Southwest
Knox County,TN,1967,Unknown year,Involuntary,Southeast
Kosciusko School District,MS,STILL OPEN,1970,Involuntary,Southeast
La Vega Isd,TX,2007,Unknown year,Involuntary,Southwest
Ladue,MO,1999,Unknown year,Involuntary,Midwest
Lafayette,FL,2009,Unknown year,Involuntary,Southeast
Lafayette Co School Dist,MS,1989,Unknown year,Involuntary,Southeast
Lafayette Co. C-1,MO,1989,Unknown year,Involuntary,Midwest
Lafayette Parish,LA,2006,Unknown year,Involuntary,Southeast
Lafourche Parish,LA,STILL OPEN,1967,Involuntary,Southeast
Lake Forest School District,DE,STILL OPEN,1957,Involuntary,Southeast
Lake Ridge Schools,IN,STILL OPEN,1963,Involuntary,Midwest
Lamar County,AL,STILL OPEN,1963,Involuntary,Southeast
Lamar County,GA,2007,Unknown year,Involuntary,Southeast
Lanett City,AL,STILL OPEN,1963,Involuntary,Southeast
Lansing Public School District,MI,STILL OPEN,1973,Involuntary,Midwest
Lasalle Parish,LA,STILL OPEN,1966,Involuntary,Southeast
Lauderdale Co School Dist,MS,STILL OPEN,1969,Involuntary,Southeast
Lauderdale County,AL,STILL OPEN,1963,Involuntary,Southeast
Laurel School District,MS,STILL OPEN,1970,Involuntary,Southeast
Laurens County,GA,2008,Unknown year,Involuntary,Southeast
Lawrence Co School Dist,MS,STILL OPEN,1969,Involuntary,Southeast
Lawrence County,AL,STILL OPEN,1977,Involuntary,Southeast
Leake Co School Dist,MS,STILL OPEN,1969,Involuntary,Southeast
Lebanon,TN,STILL OPEN,1970,Involuntary,Southeast
Lee,FL,1999,Unknown year,Involuntary,Southeast
Lee 01,SC,2001,Unknown year,Involuntary,Southeast
Lee County,GA,2009,Unknown year,Involuntary,Southeast
Lee County,AL,2005,Unknown year,Involuntary,Southeast
Leeds City,AL,STILL OPEN,1963,Involuntary,Southeast
Leflore Co School Dist,MS,2005,Unknown year,Involuntary,Southeast
Lenoir County Public Schools,NC,STILL OPEN,Unknown year,Involuntary,Southeast
Leon,FL,1974,Unknown year,Involuntary,Southeast
Lexington 01,SC,2005,Unknown year,Involuntary,Southeast
Lexington 04,SC,STILL OPEN,1966,Involuntary,Southeast
Liberty 53,MO,2003,Unknown year,Involuntary,Midwest
Lima City,OH,1999,Unknown year,Involuntary,Midwest
Limestone County,AL,STILL OPEN,1963,Involuntary,Southeast
Lincoln Co School Dist,MS,STILL OPEN,1969,Involuntary,Southeast
Lincoln County,GA,STILL OPEN,1968,Involuntary,Southeast
Lincoln Parish,LA,STILL OPEN,1966,Involuntary,Southeast
Lindbergh Schools,MO,1999,Unknown year,Involuntary,Midwest
Linden City,AL,1977,Unknown year,Involuntary,Southeast
Little Rock School District,AR,2007,Unknown year,Involuntary,Southeast
Livingston Parish,LA,2001,Unknown year,Involuntary,Southeast
Long County,GA,2003,Unknown year,Involuntary,Southeast
Longview Isd,TX,STILL OPEN,1965,Involuntary,Southwest
Lorain City,OH,1994,Unknown year,Involuntary,Midwest
Los Angeles Unified,CA,STILL OPEN,1976,Involuntary,West
Loudoun Co Pblc Schs,VA,2006,Unknown year,Involuntary,Southeast
Louisville Municipal School Dist,MS,STILL OPEN,1966,Involuntary,Southeast
Lovelady Isd,TX,STILL OPEN,1977,Involuntary,Southwest
Lowndes Co School Dist,MS,2012,Unknown year,Involuntary,Southeast
Lowndes County,GA,2006,Unknown year,Involuntary,Southeast
Lowndes County,AL,1991,Unknown year,Involuntary,Southeast
Lubbock Isd,TX,1991,Unknown year,Involuntary,Southwest
Lufkin Isd,TX,2000,Unknown year,Involuntary,Southwest
Lynchburg City Pblc Schs,VA,STILL OPEN,1962,Involuntary,Southeast
M S D Decatur Township,IN,1998,Unknown year,Involuntary,Midwest
M S D Lawrence Township,IN,1998,Unknown year,Involuntary,Midwest
M S D Perry Township,IN,1998,Unknown year,Involuntary,Midwest
M S D Pike Township,IN,1998,Unknown year,Involuntary,Midwest
M S D Warren County,IN,1998,Unknown year,Involuntary,Midwest
M S D Warren Township,IN,1998,Unknown year,Involuntary,Midwest
M S D Washington Township,IN,1998,Unknown year,Involuntary,Midwest
M S D Wayne Township,IN,1998,Unknown year,Involuntary,Midwest
Macon County,GA,2009,Unknown year,Involuntary,Southeast
Macon County,AL,2006,Unknown year,Involuntary,Southeast
Madison Co School Dist,MS,2006,Unknown year,Involuntary,Southeast
Madison County,AL,STILL OPEN,1964,Involuntary,Southeast
Madison County,TN,2010,Unknown year,Involuntary,Southeast
Madison Cusd 12,IL,STILL OPEN,1969,Involuntary,Midwest
Madison Parish,LA,2010,Unknown year,Involuntary,Southeast
Madisonville Cisd,TX,STILL OPEN,Unknown year,Involuntary,Southwest
Malakoff Isd,TX,STILL OPEN,1970,Involuntary,Southwest
Manatee,FL,STILL OPEN,1969,Involuntary,Southeast
Manhasset Union Free School District,NY,STILL OPEN,1964,Involuntary,Northeast
Maplewood-Richmond Heights,MO,1999,Unknown year,Involuntary,Midwest
Marengo County,AL,1983,Unknown year,Involuntary,Southeast
Marion,FL,2007,Unknown year,Involuntary,Southeast
Marion Co School Dist,MS,STILL OPEN,1969,Involuntary,Southeast
Marion County,AL,STILL OPEN,1963,Involuntary,Southeast
Marion County,GA,2008,Unknown year,Involuntary,Southeast
Marshall Co School Dist,MS,2005,Unknown year,Involuntary,Southeast
Marshall County,AL,STILL OPEN,1963,Involuntary,Southeast
Maury County,TN,1969,Unknown year,Involuntary,Southeast
Mccomb School District,MS,2012,Unknown year,Involuntary,Southeast
Mccormick 01,SC,2003,Unknown year,Involuntary,Southeast
Mcduffie County,GA,STILL OPEN,1969,Involuntary,Southeast
Mcintosh County,GA,2006,Unknown year,Involuntary,Southeast
Mehlville R-Ix,MO,1999,Unknown year,Involuntary,Midwest
Memphis,TN,1992,Unknown year,Involuntary,Southeast
Meridian Public School Dist,MS,STILL OPEN,1969,Involuntary,Southeast
Meriwether County,GA,2008,Unknown year,Involuntary,Southeast
Midfield City,AL,2006,Unknown year,Involuntary,Southeast
Midland Isd,TX,2002,Unknown year,Involuntary,Southwest
Milan,TN,STILL OPEN,1970,Involuntary,Southeast
Milford School District,DE,STILL OPEN,1957,Involuntary,Southeast
Miller County,GA,2009,Unknown year,Involuntary,Southeast
Milwaukee School District,WI,STILL OPEN,1976,Involuntary,Midwest
Mineral Springs School Dist.,AR,1971,Unknown year,Involuntary,Southeast
Minneapolis Public School Dist.,MN,STILL OPEN,1972,Involuntary,Midwest
Mitchell County,GA,STILL OPEN,1969,Involuntary,Southeast
Mobile County,AL,1997,Unknown year,Involuntary,Southeast
Monroe County,GA,STILL OPEN,1969,Involuntary,Southeast
Monroe County,AL,1982,Unknown year,Involuntary,Southeast
Montclair,NJ,STILL OPEN,Unknown year,Involuntary,Northeast
Montgomery Co School Dist,MS,STILL OPEN,1967,Involuntary,Southeast
Montgomery County,GA,STILL OPEN,1969,Involuntary,Southeast
Montgomery County,AL,1993,Unknown year,Involuntary,Southeast
Montgomery County Schools,NC,STILL OPEN,1956,Involuntary,Southeast
Mooresville Con School Corp,IN,1998,Unknown year,Involuntary,Midwest
Morehouse Parish,LA,2013,Unknown year,Involuntary,Southeast
Morgan County,AL,STILL OPEN,1963,Involuntary,Southeast
Morgan County,GA,2006,Unknown year,Involuntary,Southeast
Mountain Brook City,AL,2005,Unknown year,Involuntary,Southeast
Mt Vernon Community Sch Corp,IN,1998,Unknown year,Involuntary,Midwest
Muscle Shoals City,AL,2007,Unknown year,Involuntary,Southeast
Muscogee County,GA,1997,Unknown year,Involuntary,Southeast
N. Little Rock School District,AR,STILL OPEN,1969,Involuntary,Southeast
Nash-Rocky Mount Schools,NC,1998,Unknown year,Involuntary,Southeast
Natchez-Adams School Dist,MS,2003,Unknown year,Involuntary,Southeast
Natchitoches Parish,LA,STILL OPEN,1970,Involuntary,Southeast
Neptune Township,NJ,STILL OPEN,1967,Involuntary,Northeast
Neshoba County School District,MS,STILL OPEN,1969,Involuntary,Southeast
Nettleton School Dist,MS,STILL OPEN,1969,Involuntary,Southeast
New Braunfels Isd,TX,1979,Unknown year,Involuntary,Southwest
New Hanover County Schools,NC,1983,Unknown year,Involuntary,Southeast
New Haven School District,CT,STILL OPEN,1965,Involuntary,Northeast
New Rochelle City School District,NY,STILL OPEN,1961,Involuntary,Northeast
New York City Geographic District #18,NY,2008,Unknown year,Involuntary,Northeast
New York City Public Schools,NY,STILL OPEN,1973,Involuntary,Northeast
Newberry 01,SC,STILL OPEN,Unknown year,Involuntary,Southeast
Newport News City Pblc Schs,VA,STILL OPEN,1957,Involuntary,Southeast
Newton County,GA,STILL OPEN,1969,Involuntary,Southeast
Newton County School District,MS,2003,Unknown year,Involuntary,Southeast
Norfolk City Pblc Schs,VA,1985,Unknown year,Involuntary,Southeast
North Bolivar School District,MS,STILL OPEN,1983,Involuntary,Southeast
North Pike School Dist,MS,STILL OPEN,1969,Involuntary,Southeast
North Tippah School Dist,MS,STILL OPEN,1968,Involuntary,Southeast
Northampton County Schools,NC,1976,Unknown year,Involuntary,Southeast
Norwalk School District,CT,STILL OPEN,1968,Involuntary,Northeast
Noxubee County School District,MS,2004,Unknown year,Involuntary,Southeast
Oakwood Isd,TX,STILL OPEN,1970,Involuntary,Southwest
Obion County,TN,STILL OPEN,1962,Involuntary,Southeast
Oklahoma City,OK,1991,Unknown year,Involuntary,Southwest
Oktibbeha County School District,MS,STILL OPEN,1969,Involuntary,Southeast
Omaha Public Schools,NE,1984,Unknown year,Involuntary,Midwest
Oneonta City,AL,2005,Unknown year,Involuntary,Southeast
Opelika City,AL,2002,Unknown year,Involuntary,Southeast
Opp City,AL,2002,Unknown year,Involuntary,Southeast
Orange,FL,2010,Unknown year,Involuntary,Southeast
Orangeburg 03,SC,2006,Unknown year,Involuntary,Southeast
Orangeburg 05,SC,1990,Unknown year,Involuntary,Southeast
Orleans Parish,LA,Unknown year,Unknown year,Involuntary,Southeast
Ouachita Parish,LA,2013,Unknown year,Involuntary,Southeast
Oxford City,AL,STILL OPEN,1966,Involuntary,Southeast
Oxford School District,MS,1988,Unknown year,Involuntary,Southeast
Oxnard,CA,1987,Unknown year,Involuntary,West
Ozark City,AL,2002,Unknown year,Involuntary,Southeast
Palm Beach,FL,1979,Unknown year,Involuntary,Southeast
Palo Alto Unified,CA,STILL OPEN,1979,Involuntary,West
Parkway C-2,MO,1999,Unknown year,Involuntary,Midwest
Pasadena Unified,CA,1979,Unknown year,Involuntary,West
Pasco,FL,STILL OPEN,1970,Involuntary,Southeast
Pattonville R-Iii,MO,2005,Unknown year,Involuntary,Midwest
Peach County,GA,STILL OPEN,1969,Involuntary,Southeast
Pelham City,GA,2006,Unknown year,Involuntary,Southeast
Pell City,AL,STILL OPEN,1966,Involuntary,Southeast
Perry Central Com Schools Corp,IN,1998,Unknown year,Involuntary,Midwest
Perry County,AL,1982,Unknown year,Involuntary,Southeast
Person County Schools,NC,STILL OPEN,Unknown year,Involuntary,Southeast
Phenix City,AL,2005,Unknown year,Involuntary,Southeast
Philadelphia City Sd,PA,2009,Unknown year,Involuntary,Northeast
Philadelphia Public School Dist,MS,2010,Unknown year,Involuntary,Southeast
Phoenix Elementary District,AZ,2005,Unknown year,Involuntary,Southwest
Pickens County,AL,STILL OPEN,1963,Involuntary,Southeast
Piedmont City,AL,STILL OPEN,1963,Involuntary,Southeast
Pike County,AL,2007,Unknown year,Involuntary,Southeast
Pike County School Corp,IN,1998,Unknown year,Involuntary,Midwest
Pine Bluff School District,AR,STILL OPEN,1970,Involuntary,Southeast
Pinellas,FL,2000,Unknown year,Involuntary,Southeast
Pitt County Schools,NC,2013,Unknown year,Involuntary,Southeast
Pittsburg Unified,CA,STILL OPEN,1969,Involuntary,West
Pittsburgh Sd,PA,1983,Unknown year,Involuntary,Northeast
Plainfield Community Sch Corp,IN,1998,Unknown year,Involuntary,Midwest
Plaquemines Parish,LA,STILL OPEN,1969,Involuntary,Southeast
Pointe Coupee Parish,LA,STILL OPEN,1965,Involuntary,Southeast
Polk,FL,2000,Unknown year,Involuntary,Southeast
Pontiac City School District,MI,2000,Unknown year,Involuntary,Midwest
Pontotoc Co School Dist,MS,2007,Unknown year,Involuntary,Southeast
Poplarville Separate School Dist,MS,STILL OPEN,1970,Involuntary,Southeast
Port Arthur Isd,TX,2007,Unknown year,Involuntary,Southwest
Portsmouth City Pblc Schs,VA,1971,Unknown year,Involuntary,Southeast
Powhatan Co Pblc Schs,VA,STILL OPEN,1963,Involuntary,Southeast
Prince George'S County Public Schools,MD,2002,Unknown year,Involuntary,Southeast
Pulaski Co. Spec. School Dist.,AR,STILL OPEN,1983,Involuntary,Southeast
Pulaski County,GA,STILL OPEN,1969,Involuntary,Southeast
Putnam County,GA,2007,Unknown year,Involuntary,Southeast
Quitman Co School Dist,MS,STILL OPEN,Unknown year,Involuntary,Southeast
Quitman County,GA,2006,Unknown year,Involuntary,Southeast
Quitman School Dist,MS,STILL OPEN,1994,Involuntary,Southeast
Randolph County,AL,STILL OPEN,1963,Involuntary,Southeast
Randolph County,GA,STILL OPEN,1969,Involuntary,Southeast
Rankin Co School Dist,MS,STILL OPEN,1971,Involuntary,Southeast
Rapides Parish,LA,2006,Unknown year,Involuntary,Southeast
Raytown C-2,MO,2003,Unknown year,Involuntary,Midwest
Red Clay Consolidated School District,DE,1996,Unknown year,Involuntary,Southeast
Red River Parish,LA,2005,Unknown year,Involuntary,Southeast
Richardson Isd,TX,STILL OPEN,1966,Involuntary,Southwest
Richland Parish,LA,STILL OPEN,1966,Involuntary,Southeast
Richmond City Pblc Schs,VA,1972,Unknown year,Involuntary,Southeast
Richmond County,GA,2013,Unknown year,Involuntary,Southeast
Ritenour,MO,1999,Unknown year,Involuntary,Midwest
Roanoke City,AL,2007,Unknown year,Involuntary,Southeast
Roanoke City Pblc Schs,VA,STILL OPEN,1962,Involuntary,Southeast
Roanoke Co Pblc Schs,VA,STILL OPEN,1970,Involuntary,Southeast
Rockford Sd 205,IL,2001,Unknown year,Involuntary,Midwest
Rockwood R-Vi,MO,1999,Unknown year,Involuntary,Midwest
Rome City,GA,2008,Unknown year,Involuntary,Southeast
Russell County,AL,2002,Unknown year,Involuntary,Southeast
Russellville City,AL,STILL OPEN,1963,Involuntary,Southeast
Sabine Parish,LA,STILL OPEN,1977,Involuntary,Southeast
Saluda 01,SC,2002,Unknown year,Involuntary,Southeast
San Angelo Isd,TX,STILL OPEN,Unknown year,Involuntary,Southwest
San Augustine Isd,TX,2006,Unknown year,Involuntary,Southwest
San Bernardino City Unified,CA,STILL OPEN,1974,Involuntary,West
San Diego Unified,CA,1998,Unknown year,Involuntary,West
San Felipe-Del Rio Cisd,TX,1988,Unknown year,Involuntary,Southwest
San Francisco Unified,CA,2005,Unknown year,Involuntary,West
San Jose Unified,CA,1998,Unknown year,Involuntary,West
San Juan District,UT,STILL OPEN,1994,Involuntary,West
Sarasota,FL,1971,Unknown year,Involuntary,Southeast
Schley County,GA,2006,Unknown year,Involuntary,Southeast
School District No. 1 In The County Of Denver And State Of C,CO,1995,Unknown year,Involuntary,West
School Town Of Speedway,IN,1998,Unknown year,Involuntary,Midwest
Scott Co School Dist,MS,STILL OPEN,1970,Involuntary,Southeast
Scottsboro City,AL,STILL OPEN,1963,Involuntary,Southeast
Screven County,GA,STILL OPEN,1968,Involuntary,Southeast
Selma City,AL,1977,Unknown year,Involuntary,Southeast
Seminole,FL,2006,Unknown year,Involuntary,Southeast
Seminole County,GA,2006,Unknown year,Involuntary,Southeast
Senatobia Municipal School Dist,MS,STILL OPEN,Unknown year,Involuntary,Southeast
Sequoia Union High,CA,STILL OPEN,1971,Involuntary,West
Sheffield City,AL,STILL OPEN,1963,Involuntary,Southeast
Shelby County,AL,STILL OPEN,1963,Involuntary,Southeast
Shelby County,KY,STILL OPEN,1972,Involuntary,
Shelby County,TN,2009,Unknown year,Involuntary,Southeast
Simpson Co School Dist,MS,STILL OPEN,1970,Involuntary,Southeast
Smith Co School Dist,MS,1992,Unknown year,Involuntary,Southeast
Smithville Isd,TX,STILL OPEN,1970,Involuntary,Southwest
So. Conway Co. School District,AR,STILL OPEN,1972,Involuntary,Southeast
South Bend Community Sch Corp,IN,STILL OPEN,1980,Involuntary,Midwest
South Delta School District,MS,2004,Unknown year,Involuntary,Southeast
South Pike School Dist,MS,STILL OPEN,1969,Involuntary,Southeast
South Tippah School Dist,MS,STILL OPEN,1967,Involuntary,Southeast
Southampton Co Pblc Schs,VA,2008,Unknown year,Involuntary,Southeast
Specl. Sch. Dst. St. Louis Co.,MO,1999,Unknown year,Involuntary,Midwest
Springfield,MA,STILL OPEN,1965,Involuntary,Northeast
Springfield Sd 186,IL,STILL OPEN,1976,Involuntary,Midwest
St Clair County,AL,STILL OPEN,1966,Involuntary,Southeast
St. Bernard Parish,LA,2006,Unknown year,Involuntary,Southeast
St. Helena Parish,LA,STILL OPEN,1961,Involuntary,Southeast
St. James Parish,LA,STILL OPEN,1966,Involuntary,Southeast
St. John The Baptist Parish,LA,STILL OPEN,1966,Involuntary,Southeast
St. Johns,FL,STILL OPEN,1970,Involuntary,Southeast
St. Landry Parish,LA,STILL OPEN,1969,Involuntary,Southeast
St. Louis City,MO,1999,Unknown year,Involuntary,Midwest
St. Lucie,FL,1997,Unknown year,Involuntary,Southeast
St. Martin Parish,LA,STILL OPEN,1965,Involuntary,Southeast
St. Mary Parish,LA,STILL OPEN,1969,Involuntary,Southeast
St. Mary'S County Public Schools,MD,STILL OPEN,1958,Involuntary,Southeast
St. Tammany Parish,LA,STILL OPEN,1966,Involuntary,Southeast
Starkville School District,MS,STILL OPEN,Unknown year,Involuntary,Southeast
Strong-Huttig School District,AR,STILL OPEN,1970,Involuntary,Southeast
Suffolk City Pblc Schs,VA,STILL OPEN,Unknown year,Involuntary,Southeast
Sulphur Springs Isd,TX,2000,Unknown year,Involuntary,Southwest
Sumter 02,SC,2012,Unknown year,Involuntary,Southeast
Sumter County,AL,STILL OPEN,1963,Involuntary,Southeast
Sumter County,GA,STILL OPEN,1969,Involuntary,Southeast
Sunflower Co School Dist,MS,2003,Unknown year,Involuntary,Southeast
Sweeny Isd,TX,1980,Unknown year,Involuntary,Southwest
Sylacauga City,AL,1995,Unknown year,Involuntary,Southeast
Talladega City,AL,1993,Unknown year,Involuntary,Southeast
Talladega County,AL,1985,Unknown year,Involuntary,Southeast
Tallapoosa County,AL,2004,Unknown year,Involuntary,Southeast
Tallassee City,AL,2003,Unknown year,Involuntary,Southeast
Tangipahoa Parish,LA,STILL OPEN,1968,Involuntary,Southeast
Tarrant City,AL,STILL OPEN,1963,Involuntary,Southeast
Tate Co School Dist,MS,STILL OPEN,Unknown year,Involuntary,Southeast
Tattnall County,GA,STILL OPEN,1969,Involuntary,Southeast
Tatum Isd,TX,2008,Unknown year,Involuntary,Southwest
Taylor County,GA,STILL OPEN,1969,Involuntary,Southeast
Telfair County,GA,STILL OPEN,1969,Involuntary,Southeast
Temple Isd,TX,2000,Unknown year,Involuntary,Southwest
Tensas Parish,LA,2005,Unknown year,Involuntary,Southeast
Terrebonne Parish,LA,STILL OPEN,1967,Involuntary,Southeast
Terrell County,GA,2008,Unknown year,Involuntary,Southeast
Thomas County,GA,2006,Unknown year,Involuntary,Southeast
Thomasville City,AL,1977,Unknown year,Involuntary,Southeast
Tipton County,TN,2007,Unknown year,Involuntary,Southeast
Tishomingo Co Sp Mun Sch Dist,MS,2005,Unknown year,Involuntary,Southeast
Toombs County,GA,2008,Unknown year,Involuntary,Southeast
Topeka Public Schools,KS,1999,Unknown year,Involuntary,Midwest
Trenton,TN,2008,Unknown year,Involuntary,Southeast
Treutlen County,GA,2007,Unknown year,Involuntary,Southeast
Trinidad Isd,TX,STILL OPEN,1976,Involuntary,Southwest
Trinity Isd,TX,STILL OPEN,1973,Involuntary,Southwest
Troup County,GA,2003,Unknown year,Involuntary,Southeast
Troy City,AL,2005,Unknown year,Involuntary,Southeast
Trussville City,AL,STILL OPEN,1975,Involuntary,Southeast
Tucson Unified District,AZ,STILL OPEN,1976,Involuntary,Southwest
Tulsa,OK,1983,Unknown year,Involuntary,Southwest
Tunica County School District,MS,STILL OPEN,1966,Involuntary,Southeast
Turner County,GA,2007,Unknown year,Involuntary,Southeast
Tuscaloosa City,AL,2000,Unknown year,Involuntary,Southeast
Tuscaloosa County,AL,STILL OPEN,1963,Involuntary,Southeast
Tuscumbia City,AL,STILL OPEN,1963,Involuntary,Southeast
Twiggs County,GA,2012,Unknown year,Involuntary,Southeast
Tyler Isd,TX,STILL OPEN,1970,Involuntary,Southwest
Union Co School Dist,MS,STILL OPEN,1970,Involuntary,Southeast
Union County Public Schools,NC,1972,Unknown year,Involuntary,Southeast
Union Parish,LA,STILL OPEN,1969,Involuntary,Southeast
Union Public School Dist,MS,2007,Unknown year,Involuntary,Southeast
Union Township,NJ,STILL OPEN,Unknown year,Involuntary,Northeast
Uvalde Cisd,TX,STILL OPEN,1973,Involuntary,Southwest
Valdosta City,GA,STILL OPEN,1970,Involuntary,Southeast
Valley Park,MO,1999,Unknown year,Involuntary,Midwest
Vermilion Parish,LA,1974,Unknown year,Involuntary,Southeast
Vestavia Hills City,AL,2007,Unknown year,Involuntary,Southeast
Vicksburg Warren School Dist,MS,2008,Unknown year,Involuntary,Southeast
Vidalia City,GA,STILL OPEN,1969,Involuntary,Southeast
Volusia,FL,1970,Unknown year,Involuntary,Southeast
Waco Isd,TX,1989,Unknown year,Involuntary,Southwest
Wakulla,FL,2009,Unknown year,Involuntary,Southeast
Walker County,GA,2008,Unknown year,Involuntary,Southeast
Walker County,AL,1977,Unknown year,Involuntary,Southeast
Walthall Co School Dist,MS,STILL OPEN,1970,Involuntary,Southeast
Walton County,GA,2007,Unknown year,Involuntary,Southeast
Warren County,GA,STILL OPEN,1969,Involuntary,Southeast
Warren County Schools,NC,STILL OPEN,Unknown year,Involuntary,Southeast
Warren School District,AR,STILL OPEN,1968,Involuntary,Southeast
Washington Com Schools,IN,1998,Unknown year,Involuntary,Midwest
Washington County,GA,STILL OPEN,1970,Involuntary,Southeast
Washington County,AL,1977,Unknown year,Involuntary,Southeast
Washington Parish,LA,STILL OPEN,1967,Involuntary,Southeast
Waterbury School District,CT,STILL OPEN,1969,Involuntary,Northeast
Watson Chapel School District,AR,STILL OPEN,1971,Involuntary,Southeast
Wayne Co School Dist,MS,STILL OPEN,1970,Involuntary,Southeast
Wayne County,GA,STILL OPEN,1969,Involuntary,Southeast
Webster Co School Dist,MS,STILL OPEN,1970,Involuntary,Southeast
Webster County,GA,2006,Unknown year,Involuntary,Southeast
Webster Groves,MO,1999,Unknown year,Involuntary,Midwest
Webster Parish,LA,STILL OPEN,1974,Involuntary,Southeast
Weldon City Schools,NC,STILL OPEN,1964,Involuntary,Southeast
West Baton Rouge Parish,LA,STILL OPEN,1965,Involuntary,Southeast
West Carroll Parish,LA,STILL OPEN,1969,Involuntary,Southeast
West Feliciana Parish,LA,2007,Unknown year,Involuntary,Southeast
West Memphis School District,AR,STILL OPEN,1965,Involuntary,Southeast
West Point School Dist,MS,STILL OPEN,1971,Involuntary,Southeast
West Tallahatchie School District,MS,2006,Unknown year,Involuntary,Southeast
Western Line School District,MS,STILL OPEN,Unknown year,Involuntary,Southeast
Western Wayne Schools,IN,1998,Unknown year,Involuntary,Midwest
Wheeler County,GA,STILL OPEN,1969,Involuntary,Southeast
Whitewright Isd,TX,STILL OPEN,1970,Involuntary,Southwest
Wichita Falls Isd,TX,1999,Unknown year,Involuntary,Southwest
Wilcox County,GA,STILL OPEN,1969,Involuntary,Southeast
Wilcox County,AL,1979,Unknown year,Involuntary,Southeast
Wilkes County,GA,2005,Unknown year,Involuntary,Southeast
Wilkinson Co School Dist,MS,2004,Unknown year,Involuntary,Southeast
Wilkinson County,GA,2007,Unknown year,Involuntary,Southeast
Wilson County,TN,STILL OPEN,1970,Involuntary,Southeast
Wilson County Schools,NC,1997,Unknown year,Involuntary,Southeast
Winfield City,AL,STILL OPEN,1963,Involuntary,Southeast
Winona Isd,TX,Unknown year,Unknown year,Involuntary,Southwest
Winston County,AL,2004,Unknown year,Involuntary,Southeast
Woodland Hills Sd,PA,2000,Unknown year,Involuntary,Northeast
Worth County,GA,STILL OPEN,1969,Involuntary,Southeast
Yancey County Schools,NC,STILL OPEN,1960,Involuntary,Southeast
Yazoo City Municipal School Dist,MS,STILL OPEN,1970,Involuntary,Southeast
Yazoo Co School Dist,MS,STILL OPEN,1969,Involuntary,Southeast
Yonkers City School District,NY,2002,Unknown year,Involuntary,Northeast
